-- MySQL dump 10.13  Distrib 8.0.28, for Linux (x86_64)
--
-- Host: localhost    Database: tiempomaya
-- ------------------------------------------------------
-- Server version	8.0.28-0ubuntu0.20.04.3

/*!40101 SET @OLD_CHARACTER_SET_CLIENT=@@CHARACTER_SET_CLIENT */;
/*!40101 SET @OLD_CHARACTER_SET_RESULTS=@@CHARACTER_SET_RESULTS */;
/*!40101 SET @OLD_COLLATION_CONNECTION=@@COLLATION_CONNECTION */;
/*!50503 SET NAMES utf8 */;
/*!40103 SET @OLD_TIME_ZONE=@@TIME_ZONE */;
/*!40103 SET TIME_ZONE='+00:00' */;
/*!40014 SET @OLD_UNIQUE_CHECKS=@@UNIQUE_CHECKS, UNIQUE_CHECKS=0 */;
/*!40014 SET @OLD_FOREIGN_KEY_CHECKS=@@FOREIGN_KEY_CHECKS, FOREIGN_KEY_CHECKS=0 */;
/*!40101 SET @OLD_SQL_MODE=@@SQL_MODE, SQL_MODE='NO_AUTO_VALUE_ON_ZERO' */;
/*!40111 SET @OLD_SQL_NOTES=@@SQL_NOTES, SQL_NOTES=0 */;

--
-- Table structure for table `Comentario`
--

DROP TABLE IF EXISTS `Comentario`;
/*!40101 SET @saved_cs_client     = @@character_set_client */;
/*!50503 SET character_set_client = utf8mb4 */;
CREATE TABLE `Comentario` (
  `id_comentario` int NOT NULL AUTO_INCREMENT,
  `nombre_usuario` varchar(25) NOT NULL,
  `contenido` varchar(500) DEFAULT NULL,
  `fecha_hora` timestamp NOT NULL,
  `id_descripcion` int NOT NULL,
  PRIMARY KEY (`id_comentario`),
  KEY `FK_nombre_usuario_idx` (`nombre_usuario`),
  KEY `fk_descripcion_comentario_idx` (`id_descripcion`),
  CONSTRAINT `fk_descripcion_comentario` FOREIGN KEY (`id_descripcion`) REFERENCES `Descripcion` (`id_descripcion`) ON DELETE RESTRICT ON UPDATE RESTRICT,
  CONSTRAINT `fk_nombre_usuario_comentario` FOREIGN KEY (`nombre_usuario`) REFERENCES `Usuario` (`nombre_usuario`)
) ENGINE=InnoDB AUTO_INCREMENT=10 DEFAULT CHARSET=utf8mb4 COLLATE=utf8mb4_0900_ai_ci;
/*!40101 SET character_set_client = @saved_cs_client */;

--
-- Dumping data for table `Comentario`
--

LOCK TABLES `Comentario` WRITE;
/*!40000 ALTER TABLE `Comentario` DISABLE KEYS */;
INSERT INTO `Comentario` VALUES (1,'jugador_2','Este es mi comentario para el concepto 1','2022-04-16 22:05:53',1),(2,'jugador_1','Este es mi comentario para el concepto 1','2022-04-16 22:05:53',1),(3,'jugador_1','Este es mi comentario para el concepto 2','2022-04-16 22:05:53',2),(4,'jugador_2','Este es mi comentario para el concepto 2','2022-04-16 22:05:53',2),(6,'jugador_2','Este es mi comentario para el concepto 2','2022-04-16 22:05:53',2),(7,'jugador_1','Este es mi comentario para el concepto 2','2022-04-16 22:05:53',2),(9,'jugador_1',NULL,'2022-04-17 22:05:53',2);
/*!40000 ALTER TABLE `Comentario` ENABLE KEYS */;
UNLOCK TABLES;

--
-- Table structure for table `Concepto`
--

DROP TABLE IF EXISTS `Concepto`;
/*!40101 SET @saved_cs_client     = @@character_set_client */;
/*!50503 SET character_set_client = utf8mb4 */;
CREATE TABLE `Concepto` (
  `id_concepto` int NOT NULL AUTO_INCREMENT,
  `palabra` varchar(45) NOT NULL,
  `significado` varchar(500) NOT NULL,
  PRIMARY KEY (`id_concepto`)
) ENGINE=InnoDB AUTO_INCREMENT=5 DEFAULT CHARSET=utf8mb4 COLLATE=utf8mb4_0900_ai_ci;
/*!40101 SET character_set_client = @saved_cs_client */;

--
-- Dumping data for table `Concepto`
--

LOCK TABLES `Concepto` WRITE;
/*!40000 ALTER TABLE `Concepto` DISABLE KEYS */;
INSERT INTO `Concepto` VALUES (1,'palabra1','Este es el significado de la palabra1'),(2,'palabra2','Este es el significado de la palabra2'),(3,'palabra3','Este es el significado de la palabra3'),(4,'palabra4','Este es el significado de la palabra4');
/*!40000 ALTER TABLE `Concepto` ENABLE KEYS */;
UNLOCK TABLES;

--
-- Table structure for table `Descripcion`
--

DROP TABLE IF EXISTS `Descripcion`;
/*!40101 SET @saved_cs_client     = @@character_set_client */;
/*!50503 SET character_set_client = utf8mb4 */;
CREATE TABLE `Descripcion` (
  `id_descripcion` int NOT NULL AUTO_INCREMENT,
  `nombre_usuario_autor` varchar(25) NOT NULL,
  `id_concepto` int NOT NULL,
  `fecha_hora` timestamp NOT NULL,
  `descripcion` varchar(2000) NOT NULL,
  PRIMARY KEY (`id_descripcion`),
  KEY `fk_usuario_autor_descripcion_idx` (`nombre_usuario_autor`),
  KEY `fk_id_concepto_descripcion_idx` (`id_concepto`),
  CONSTRAINT `fk_id_concepto_descripcion` FOREIGN KEY (`id_concepto`) REFERENCES `Concepto` (`id_concepto`),
  CONSTRAINT `fk_usuario_autor_descripcion` FOREIGN KEY (`nombre_usuario_autor`) REFERENCES `Usuario` (`nombre_usuario`)
) ENGINE=InnoDB AUTO_INCREMENT=6 DEFAULT CHARSET=utf8mb4 COLLATE=utf8mb4_0900_ai_ci;
/*!40101 SET character_set_client = @saved_cs_client */;

--
-- Dumping data for table `Descripcion`
--

LOCK TABLES `Descripcion` WRITE;
/*!40000 ALTER TABLE `Descripcion` DISABLE KEYS */;
INSERT INTO `Descripcion` VALUES (1,'jugador_1',3,'2022-04-16 22:05:53','Esta es una descripcion del concepto 3'),(2,'jugador_2',3,'2022-04-16 22:05:53','Esta es una descripcion del concepto 3'),(3,'jugador_2',3,'2022-04-16 22:05:53','Esta es una descripcion del concepto 3'),(4,'jugador_2',3,'2022-04-16 22:05:53','Esta es una descripcion del concepto 3'),(5,'jugador_2',1,'2022-04-16 22:05:53','Esta es una descripcion del concepto 3');
/*!40000 ALTER TABLE `Descripcion` ENABLE KEYS */;
UNLOCK TABLES;

--
-- Table structure for table `Elemento`
--

DROP TABLE IF EXISTS `Elemento`;
/*!40101 SET @saved_cs_client     = @@character_set_client */;
/*!50503 SET character_set_client = utf8mb4 */;
CREATE TABLE `Elemento` (
  `id_elemento` int NOT NULL AUTO_INCREMENT,
  `tipo_elemento` varchar(20) NOT NULL,
  `nombre` varchar(25) DEFAULT NULL,
  `descripcion` varchar(2000) DEFAULT NULL,
  `significado` varchar(100) DEFAULT NULL,
  PRIMARY KEY (`id_elemento`),
  KEY `FK_tipo_elemento_idx` (`tipo_elemento`),
  CONSTRAINT `fk_tipo_elemento` FOREIGN KEY (`tipo_elemento`) REFERENCES `Tipo_Elemento` (`id_tipo_elemento`) ON DELETE RESTRICT ON UPDATE RESTRICT
) ENGINE=InnoDB AUTO_INCREMENT=75 DEFAULT CHARSET=utf8mb4 COLLATE=utf8mb4_0900_ai_ci;
/*!40101 SET character_set_client = @saved_cs_client */;

--
-- Dumping data for table `Elemento`
--

LOCK TABLES `Elemento` WRITE;
/*!40000 ALTER TABLE `Elemento` DISABLE KEYS */;
INSERT INTO `Elemento` VALUES (3,'Kin','Imix\'','Es el guardián fiero de la vida, de las ideas y proyectos que pone en marcha. Es el gestor, el productor, el iniciador. Goza de una gran sensibilidad existencial y una creatividad única. Si no está en armonía consigo mismo puede tener muchas ideas pero no realizar ninguna por no saber por dónde empezar o también dedicarse a tantos proyectos al mismo tiempo que no logra entregarse por entero a ninguno. Dejar lo que empiece sin terminar lo retrasa energéticamente. Espiritualmente representa la memoria ancestral y si está despierto logra integrarla en todo lo que hace.','Dragon'),(4,'Kin','Ik\'','Es la comunicación, el aliento divino, la flexibilidad y el cambio. Tiene el don de la palabra, así que deberá usarla estratégicamente y con bondad. Necesita de novedades todo el tiempo, suele ser sumamente social aunque en sombra puede guardar mucho de sí mismo aún rodeado de gente y hablando sin decir nada. A nivel espiritual puede canalizar mensajes del más allá. Necesita focalizarse y decir todo lo que siente en lo más profundo de sí, sabiendo también cuándo guardar silencio.','Viento'),(5,'Kin','Ak\'bal\'','Es el sol de la oscuridad. Representa nuestro inconsciente, el mundo onírico y la capacidad de realizar nuestros sueños. Tiene el potencial de recibir mensajes en sueños, solo hay que hacerles caso. Necesita descansar mucho y estar solo por periodos. Es importante saber salir también y relacionarse con el mundo, con la espontaneidad que la caracteriza. Suelen ser histriónicos, sumamente intuitivos y más bien estancar su abundancia si no creen en sí mismos. Es importante estar atento a las posibles locuras, impulsividades, deseos sin resolver, y a un ego desmedido, para poder equilibrarse.','Noche'),(6,'Kin','K\'an','Es la capacidad de inyectarle vida a todo lo que nos propongamos para que florezca, para que tenga resultados, para que se materialice y sea exitoso. En primer lugar la Semilla debe sentir, identificar sus pasiones, aquello que ama hacer, para que pueda dedicarse a eso y no desbalancearse entregando toda su infinita energía en proyectos ajenos o en aquellos a los que se ha acostumbrado por presión social o solo porque funcionan. También es la danza, el gozo, el placer, la curiosidad y el saber atinar, saber esperar al momento correcto para actuar','La Semilla'),(7,'Kin','Chikchan','Es la fuerza vital, la astucia para vivir en el mundo material, así como la sabiduría para entender que no hay espiritualidad sin equilibrio físico. La Serpiente se dedica a reunir los recursos necesarios para tener una buena vida, en sombra ese será su único objetivo, en luz, sabrá que ese es solo el medio para poder evolucionar a este plano. Suele ser dominante, territorial y austera, pero también muy culta y noble.','La Serpiente'),(8,'Kin','Kimi','Es el puente entre diferentes dimensiones. En este plano domina la capacidad de ser como un relacionista público, de crear contactos, de saber cómo relacionarse con los demás para generar redes y oportunidades. En el plano espiritual es el mensajero de los espíritus y, aunque lo suela bloquear por miedo, puede recibir información para sí mismo o para ser transmitida a los demás como forma de ayuda. Su misión es entender la muerte como parte de la vida, profundizar en su conocimiento espiritual sobre la misma para saber dejar ir cuando corresponda.','El enlazador de mundos'),(9,'Kin','Manik\'','Representa el servicio, la sanación y la realización. Es el poder de llevar a cabo todo lo que uno se proponga. En sombra, la Mano hace por hacer, es adicto al trabajo, pero no se arriesga a dedicarse a lo que más sueña. En luz, todo lo que haga además estará conectado con su capacidad de ayudar y de sanar. Debe tener mucho cuidado con control y aprender a poner límites sanos entre lo que le da a los demás y a sí mismo.','La mano'),(10,'Kin','Lamat','Representa el arte, la belleza, la elegancia, la armonía, la creatividad, pero también el pensamiento abstracto, el mundo de las ideas y la producción intelectual. Las personas Estrella gozan hasta de un garbo natural, y si bien su misión es desarrollar su gran creatividad pueden perderse fácilmente en el plano racional. En sombra buscan el perfeccionismo, dañando su sistema nervioso. En luz pueden llegar a ser grandes y virtuosos artistas. Es importante que dejen la terquedad de lado, la necesidad de relativizarlo todo y de querer encontrar la verdad en la mente conceptual.','La estrella'),(11,'Kin','Muluk','Es el mundo de las emociones. La Luna lo siente todo, su sensibilidad es vasta y todo le impacta profundamente. De hecho es capaz de saber cómo se siente cada persona a su alrededor, tendiendo a querer acobijar a todo el que sufra. Esto puede traerle muchos problemas ya que se cargará de cosas que no le corresponden. En este sentido goza de una poderosa intuición y de una gran imaginación. Representa la energía de lo femenino, el poder de las aguas y la maestría en relación a los elementos de la naturaleza. Necesita trascender el drama ahí donde lo ve, purificarse de todo lo que sienta y dejarse fluir.','La luna'),(12,'Kin','Ok','Es la energía del amor incondicional. El Perro representa la fidelidad, la lealtad y el compañerismo, es el guardián de sus seres queridos. En sombra tiene problemas de autoestima, dando siempre demás a quienes no le corresponden y exigiendo en consecuencia. En luz es capaz del máximo altruismo, sabiéndose amar a sí mismo primero, poniendo límites sanos a todo lo que no le haga bien en sus relaciones afectivas y amando sin aprehensión. Tenderá a dedicarse de alguna u otra manera a proyectos sociales, a hacer el bien por la humanidad. En este sentido tendría que tener cuidado con inconscientemente actuar como el salvador de los demás.','El perro'),(13,'Kin','Chuwen','Es el niño interior que con su sabiduría ilumina la vida de los demás. En luz es el sentido del humor, lo lúdico, la irreverencia que cuestiona todo como jugando. En sombra suele tender a tomarse todo demasiado en serio y actuar como el abogado defensor de las causas justas. No se permite relajarse y guarda situaciones de la infancia por resolver. Su misión será mostrarle al mundo que nada es tan sólido como parece y que a veces es necesario confrontarnos desde la risa para lograr soltar el ego.','El mono'),(14,'Kin','Eb\'','Representa el más alto estándar de integridad. Es el sabio que defiende las causas justas, habitualmente sacrificándose en el proceso. En luz está en conexión profunda con su libertad y sabrá equilibrar su gran necesidad de generar armonía alrededor suyo con el camino que quiera elegir. En sombra, se pospondrá por el resto o caerá en la indecisión aguda de no saber qué decisiones tomar, por tener un concepto rígido del deber ser.','El humano'),(15,'Kin','B\'en','Es el explorador, el buscador del sentido último de la existencia. Su principal motivación es conocer, conocerlo todo, sobre todo otras culturas, otros territorios, otros saberes, otras idiosincrasias. En luz, sabrá dejarse guiar por su intuición y todo lo que conozca logrará transformarlo, para luego compartirlo con el mundo. En sombra, el escepticismo le jugará malas pasadas, y solo buscará que conocer hacia fuera, sin tener el coraje de viajar dentro suyo ni de encontrar un camino espiritual.','El caminante del cielo'),(16,'Kin','Ix','Es el que con su encanto natural logra transformarlo todo. Artista, performer, alquimista, sanador, brujo, ingeniero, consejero, orador. En luz, podrá cumplir con su misión de ser fuente de inspiración para los seres humanos, en sombra la soberbia lo llevará a preocuparse solo por la valoración externa, por los aplausos.','El mago'),(17,'Kin','Men','Representa la visión panorámica, la agudeza analítica y la creatividad de vanguardia. Es visionaria y muy profunda, sintiéndose siempre responsable del bienestar ajeno. En luz logrará creer en sí misma para emprender el vuelo y evolucionar, en sombra se quedará procastinando distrayéndose con todo lo que su mente es capaz de vislumbrar, y poniendo el bien común adelante de sus prioridades como pretexto.','El aguila'),(18,'Kin','Kib\'','Es el samurai, el que con disciplina y entrega se entrena para ir a la batalla a ganar. Pero la batalla no es el conflicto, es la posibilidad de transformar la realidad, aquello que es injusto, de manera estratégica, intrépida, frontal y sobre todo humilde. Un Guerrero en sombra lo cuestiona todo solo por ego, incluso a sí mismo, autoboicoteándose. En luz es el maestro espiritual, perfil bajo, que ilumina con sus acciones.','El guerrero'),(19,'Kin','Kab\'an','Representa la estabilidad suprema. Es la dadora de base, de estructura, tanto en el plano físico como en el emocional, psíquico o espiritual. Suelen ser personas bastante fuertes que logran impulsar, con su gran empuje, a que se genere aquello que hace falta para salir adelante. En sombra caen en la sobre interpretación, en ser retadoras, creando argumentos solo para validar aquello con lo que se han entercado. En luz, saben que la verdadera estabilidad es fluir con lo que la realidad les propone, sin presionar, sin recurrir a la fuerza.','La tierra'),(20,'Kin','Etz\'anab\'','Es el equilibrio perfecto, la ecuanimidad, la paz interior que brota gracias a una verdadera aceptación de todo tal y como es. En luz el Espejo fluye con todo sin filtros ni reparos, generando una gran armonía entre quienes lo rodean. Es uno de los sellos que se suele llevar mejor con la gente. En sombra sin embargo tiende al juicio extremo, no encuentra orden nada, menos en sí mismo, y termina en crisis por criticarlo todo. No es capaz de verse y suele proyectar sus defectos en los demás. En el calendario maya tradicional se le asocia al cuchillo de obsidiana, cualidad espiritual para cortar de raíz con todo lo que no nos sirve en nuestra vida','El espejo'),(21,'Kin','Kawak','Es la fuerza transformadora de la realidad. Cuando aparece la tormenta es momento de cambios radicales, no hay de otra. En general es una energía poderosa de creación, suele pasar perfil bajo pero cuando llega el momento se manifiesta con una gran fiereza. En sombra se estacan y no se permiten cambiar, o al revés, generan cierta adicción a los movimientos fuertes permanentes. Pueden también quedarse en la extrema introspección, son muy sensibles, y no mostrarse. En luz logran generar situaciones límites para dejar ir aquello que ya le tocaba irse y poder volver a empezar en un nuevo nivel de evolución.','La tormenta'),(22,'Kin','Ajaw','Es la energía de mayor evolución. Representa la luz generadora de vida, la sabiduría, la verdad, las cosas tal y como son. Cuando aparece el Sol es momento de brillar, de confiar en quienes ya somos y en lo que ya sabemos de manera intrínseca, y asumir los roles de autoridad, de liderazgo que nos correspondan. Es momento de afrontar la realidad como se presente, así nos cueste. El problema con el Sol es que al ser la verdad puede tornarse intransigente, radical con la ética, con los paradigmas, con lo que considera correcto o cierto, así, debe trabajar por sobre todas las cosas la humildad. La verdadera sabiduría no se anda mostrando, defendiendo o convenciendo, es un estado del alma, de conexión permanente con nuestro ser auténtico.','El sol'),(23,'Uinal','Wayeb\'','Cuando llegaban los cinco días sin nombre conocidos como uayeb, los mayas no se bañaban, no hacían obras serviles o de trabajo, porque temían que al realizar alguna actividad, les iría mal.','Dias desafortunados, reflexion, gracia y penitencia'),(24,'Uinal','Pop','Este mes era una especie de año nuevo, era una fiesta muy celebrada, renovaban todas las cosas de utensilios de casa, como platos, vasos, banquillos, ropa, mantillas, barrían su casa y la asura la echaban fuera del pueblo, pero antes de la fiesta al menos 13 días ayunaban y se abstenían de tener sexo, no comían sal, ni chile, algunas personas ampliaban este período de abstinencia hasta tres uinales. Después todos los hombres se reunían con el sacerdote en el patio del templo y ponían una porción de copal en el brasero para quemarlo.','Mat (símbolo de comunidad y matrimonio), petate'),(25,'Uinal','Woo','En este mes se realizaban festividades para sacerdotes, adivinadores, la ceremonia era llamada pocam, y oraban quemando copal a Kinich Ahau Itzamná, a quien consideraban el primer sacerdote. Con «agua virgen traída del monte, donde no llegase mujer» untaban las tablas de los libros y el sacerdote realizaba los pronósticos del año, realizaban un baile llamado okotuil.','Rana, sapo, negro'),(26,'Uinal','Zip','En este mes se juntaban los sacerdotes con sus mujeres, y usaban idolillos de la diosa Ixchel, y la fiesta se llamaba Ibcil Ixchel, invocaban a los dioses de la medicina que eran Itzamná, Citbolontun y Ahau Chamahez, realizaban un baile llamado Chantunyab. El día siete del uinal zip día invocaban a los dioses de la caza Ah Cancum, Zuhuyzib Zipitabai, y otros, cada cazador sacaba una flecha y una cabeza de venado las cuales eran untadas de betún azul, y bailaban con las flechas en las manos, se horadaban las orejas, otros la lengua y pasaban por los agujeros siete hojas de una hierba llamada Ac. Al día siguiente era el turno de los pescadores, pero ellos untaban de betún azul sus aparejos de pesca y no se horadaban las orejas, sino que se ponían arpones, y bailaban el Chohom, y después de realizada la ceremonia iban a la costa a pescar, los dioses eran Abkaknexoi, Abpua, y Ahcitzamalcun.','Rojo, conjuncion'),(27,'Uinal','Sotz\'','En este mes los apicultores comenzaban los preparativos pero celebraban su fiesta en el uinal siguiente tsek, los sacerdotes y oficiales ayunaban, así como algunos voluntarios.','Bat (murcielago)'),(28,'Uinal','Tzek','En este mes no derramaban sangre, los dioses venerados eran los cuatro bacabs, especialmente Hobnil. Ofrecían a los bacabs platos con figuras de miel, y los mayas bebían un vino llamado balche, el cual se procesaba de la corteza del árbol de ese nombre (Lonchucarpus violaceus), los apicultores regalaban miel en abundancia.','Fin, palma, calavera'),(29,'Uinal','Xul','Este mes era dedicado a Kukulcán, los mayas iban por el jefe supremo de los guerreros llamado Nacom, al cual sentaban en el templo quemando copal, realizaban un baile de guerreros llamado Holkanakot, sacrificando un perro y quebrando ollas llenas de bebida para terminar su fiesta, y regresar con honores al Nacom a su casa. Esta ceremonia se celebraba en todos lados hasta la destrucción de Mayapán, después solo se celebraba en Maní en la jurisdicción de los Tutul xiúes, todos los señores se juntaban presentaban cinco banderas de pluma, y se iban al templo de Kukulcán, donde oraban durante cinco días, después de los cuales bajaba Kukulcán del cielo y recibía las ofrendas, la fiesta se llamaba Chikabán.','Perro, instrumento musical'),(30,'Uinal','Yaxk\'in','En este mes se realizaba la ceremonia se llamaba Olob-Zab-Kamyax, se untaban todos los instrumentos de todos los oficios con betún azul, se juntaban los niños y las niñas del pueblo y les daban unos golpecillos en los nudillos, con la idea que los niños fueran expertos en los oficios de sus padres. Desde este uinal comenzaban a aparejarse para la ceremonia del uinal Mol.','Primer Sol (o verde), inicio agricola, nuevo dia'),(31,'Uinal','Mol','En este mes los apicultores oraban a los dioses para que hubiese buenas flores y de esta manera tener una buena producción de las abejas,.en este mes era cuando fabricaban las efigies o ídolos de madera, los cuales eran de alguna forma bendecidos por los sacerdotes. Se practicaba un ritual en el cual se sangraban las orejas.','Inicio de lluvia, agua, jade'),(32,'Uinal','Ch\'en','En este mes hacían una fiesta llamaba ocná, que quiere decir «renovación del templo», la hacían en honor de los dioses de los maizales; los mayas acostumbraban tener ídolos de los dioses con pequeños braseros en donde quemaban copal, en esta fiesta cada año se renovaban los ídolos de barro y sus braseros.','Lluvia, negro, acido'),(33,'Uinal','Yax','En este mes hacían una fiesta llamaba ocná, que quiere decir «renovación del templo», la hacían en honor de los dioses de los maizales; los mayas acostumbraban tener ídolos de los dioses con pequeños braseros en donde quemaban copal, en esta fiesta cada año se renovaban los ídolos de barro y sus braseros.','Verde, humedad'),(34,'Uinal','Sak','En este mes el sacerdote y los cazadores hacían una ceremonia para aplacar a los dioses de la ira, y como una forma de penitencia por la sangre derramada durante la cazas (los mayas tenían como «cosa horrenda» cualquier derramamiento de sangre si dicho derramamiento no era en sus sacrificios), por eso cuando iban a la caza invocaban al dios de la caza, le quemaban copal y si podían le untaban al rostro del ídolo de la caza, la sangre del corazón de la presa.','Blanco, lluvia'),(35,'Uinal','Keh','En las proximidades de este mes existía una fiesta muy grande y de fecha movible que duraba tres días, con quema de copal, a la cual Landa llamaba «sahumerías», ofrendas y borrachera. Los sacerdotes tenían cuidado de avisar con tiempo para realizar un ayuno previo','Rojo, venado'),(36,'Uinal','Mak','En este mes la gente anciana realizaba una ceremonia llamada «tupp kak» (matar el fuego), era dirigida a los dioses de los panes y a Itzamná, en una fogata quemaban corazones de aves y animales, una vez incinerados los corazones apagaban el fuego con cántaros de agua. Se juntaba el pueblo y los sacerdotes y untaban con lodo y betún azul los primeros escalones de las escaleras de sus templos. En esta fiesta no realizaban ayuno, a excepción del sacerdote','Red, cautiverio, pecado'),(37,'Uinal','K\'ank\'in','Hasta la fecha se desconocen los dioses que se honraban en este periodo del año maya','Sol amarillo'),(38,'Uinal','Muwan','Este mes correspondía a los cultivadores de cacao realizar una ceremonia a los dioses Chac Ek chuah, y Hobnil, sacrificaban un perro manchado con el color de cacao, y quemaban incienso y ofrecían iguanas de las azules (probablemente untadas de betún azul) y ciertas plumas de pájaros, terminada la ceremonia los mayas se comían las ofrendas.','Halcon, buho'),(39,'Uinal','Pax','En este mes la ceremonia se llamaba pacum chac, y por un período de cinco noches se juntaban los señores (batab) y los sacerdotes (ah kin) de los pueblos menores (batabil), en las capitales y veneraban a Cit chac cob. Se homenajeaba con copal al jefe de los guerreros (nacom) durante cinco días, realizaban un baile de los guerreros llamado HOLKANAKOT. El sentido de esta ceremonia era para pedir a sus dioses alcanzar la victoria frente a sus enemigos. Se sacrificaba un perro, al cual se le extraía el corazón, se rompían ollas grandes que contenían bebida, y daban por finalizada la ceremonia, regresando a sus pueblos.','Tiempo de siembra, tambor, musica'),(40,'Uinal','K\'ayab\'','Durante los meses kayab y Kumku en cada población hacían fiestas a las cuales llamaban zabacilthan, se reunían para presentar ofrendas, comer y beber preparándose para el uayeb, el mes corto de los cinco días nefastos.','Tortuga, guacamaya'),(41,'Uinal','K\'umk\'u\'','Durante los meses kayab y Kumku en cada población hacían fiestas a las cuales llamaban zabacilthan, se reunían para presentar ofrendas, comer y beber preparándose para el uayeb, el mes corto de los cinco días nefastos.','Maiz maduro, granero, oscuridad'),(42,'Nahual','Tzikin','Características: Significa pájaro. Es el símbolo de la suerte, la fortuna y los bienes materiales. También es símbolo de libertad y es el nawal de las aves.\n\nSimboliza el pájaro sagrado Q’uq’umatz. Este día es propicio para pedir por la abundancia de los bienes como el dinero. Se quema el ajonjolí y el chocolate como ofrendas a Ajaw. Se encienden candelas de colmena pura y se le pide a Ajaw un buen negocio. Tz’ikin significa pájaro y simboliza la intermediación entre los seres humanos y Ajaw, representado por todo lo que hay en el espacio: el aire, las nubes, el frío y el calor. Son fuerzas invisibles, pero que El Corazón del Cielo y El Corazón de la Tierra las ha puesto a nuestro servicio y protección.\n\nTambién es un día de desarrollo espiritual y, por tanto, de la plena realización humana. Es el día para agradecer los bienes materiales principalmente lo relacionado a dinero. Sin embargo, al no agradecer estos favores también puede traer la miseria.\n\nFunción Espiritual:\n\nAgradecimiento por los bienes materiales, principalmente lo del dinero.\nPropicia buena suerte en el negocio.\nDía de invocación porque las aves no molesten los sembradíos.\nDía para la protección del negocio.\nDía para realizar invocaciones para que las siembras estén protegidas de los animales.\nSu origen: Kej destino: Aq\'ab\'al\n\nFortalezas:\n\nEs bueno para el negocio.\nEs mensajero, paciente y amable.\nDe buen temperamento.\nTiene habilidad para el análisis y es buen observador.\nDesarrolla mejor su inteligencia.\nPuede tener dotes para la predicción de las cosas.\nPuede ser afortunado en lo material.\nPuede tener bien desarrollado la parte espiritual.\nDebilidades:\n\nEnvidia\nInfidelidad\nAvaricia\nTacañería\nEn algún vicio','Pajaro'),(43,'Nahual','Ajmaq','Características: Esta palabra significa pecador en K’iche’. Es el día de los pecadores. Este día se dedica a pedir perdón por los pecados y por los pecadores. Es el día dedicado a los difuntos. El pecado es una columna de humo que nos oculta delante de la presencia de Dios. Nuestros antepasados dijeron: “que el pecado es la ofensa que se hace directamente a Dios. No creer, no servir, no alabar al Corazón del Cielo, al corazón de la Tierra. Mak es ofensa a Dios y Wuqub’ qak’ix es ofensa al prójimo”\n\nEs el día de los que no podemos ver, el día de los difuntos. El día de la fortaleza que nos da la historia de nuestro pasado. También es el día del castigo cuando no estamos actuando en concordancia con las enseñanzas que ellos nos legaron. Es el día del enojo de los difuntos. (BEA)\n\n“Ajmaq no es un mal día. Es un día para pedir perdón por los pecados. Son los días en los cuales se reza por protección, ya que de estos días puede venirle a uno, daño por sus pecados o sus malos pensamientos.\n\nes la muerte en casa, la muerte natural por enfermedad, la muerte tranquila. En ese día se habla con los difuntos, es para pedir perdón en el caso de los pecadores.\n\nSignifica:\n\nPurificar el espíritu de los muertos y vivos.\nDía para conmemorar los difuntos.\nPerdón para nuestros pecados.\nSignificado Clave: Autoridad y Estatus.\n\nFortalezas:\n\nPosee sabiduría, inteligencia\nBuena memoria\nMuy valiente\nSe les facilita el diálogo\nPrudente, discreto\nBuenos maestros y consejeros\nMuy sociable\nEs profundo\nEs serio\nRealista\nPredicador\nComunicativo\nDebilidades:\n\nPecador\nEnamorado\nAlcohólico\nDestructores de la herencia\nMentirosos\nAfamados\nResentido\nLadrón\nAdúltero\nFríos e insensibles\nMinimizan los sentimientos de los demás\nInteresados en la autoridad y posición social y política\n','Búho, falta o culpa'),(44,'Nahual','No\'j','Características: Es la sabiduría y el conocimiento. Es el nawal de la inteligencia. Es el buen consejo, según los abuelos y abuelas. Es la sabiduría que viene del Formador y Creador. También es uno de los Cargadores del Tiempo. Día propicio para agradecer el conocimiento y pedir buenos pensamientos.\n\nEl que nace bajo la influencia del No’j será inteligente, activo y tendrá buenos pensamientos, siempre y cuando sepa manejar las energías del día. Significa también idea y sabiduría. Según los mayas ningún hombre es sabio. Por eso, el hombre, para recibir ideas y consejos, debe consultar al Ajaw por medio del “xukulem” o la ceremonia maya. También puede realizar dichas consultas por medio del tz’ite’, mediante la intermediación del Ajq’ij, para recibir los consejos de los abuelos y abuelas. Dentro de la espiritualidad maya, el hombre tiene ideas pero no sabiduría. Por eso, es importante juntarse en consejo para unir ideas y formar así una ciencia. Nuestros antepasados se reunían en consejo bajo la protección del No’j.\n\nes el día de la sabiduría. Es el día para tomar decisiones de manera particular o en consejo. Es un día que propicia la planificación de algún proyecto y de los lineamientos a seguir en la conducción de la comunidad y de la sociedad en general. También es el día en que nuestro pensamiento puede tener mayor fluidez.\n\nFunción espiritual:\n\nAgradecer el conocimiento y las ideas.\nAgradecer la inteligencia.\nDía para acrecentar la memoria.\nAgradecer la inteligencia.\nDía para pedir buenos consejos.\nSu origen: Toj destino: Kan\n\nFortalezas:\n\nEs poseedor de muchos conocimientos.\nEs inteligente y es consejero.\nPuede llegar a ser científico.\nEs ordenado y creativo.\nEs justo y humanista.\nEs buen estudiante.\nPuede llegar a ser un buen líder.\nDebilidades:\n\nPuede caer en el orgullo.\nSe puede enojar con facilidad.\nLe cuesta tomar decisiones.\nPuede ser individualista y egoísta.','Idea o sabiduria'),(45,'Nahual','Tijax','Características: Significa piedra y obsidiana. Es el símbolo del pedernal. Es la energía de la persona que cura en la cultura maya. Es el poder del trueno y el rayo. La persona que nace bajo la influencia de este día, puede ser un gran curandero o médico con mucha energía en las manos. Es ajq’íj, cura enfermedades físicas y psicológicas. Puede arreglar fracturas de los huesos.\n\nUna de las influencias negativas del día es que puede causar algún sufrimiento o malestar. Según los Ajq’ijab’, es un día que “come”. Para no ser alcanzado por estas influencias negativas debe hacerse alguna ofrenda y solicitar la intermediación del Guía Espiritual.\n\nEs un día que puede evitar la humillación y la ruina a causa de algo o alguien. Es un día de protección. Los que nacen es este día pueden llegar a ser coléricos y pueden destruir espiritual o emocionalmente a alguien. A veces, nadie les aguanta y resulta difícil comprenderlos.\n\nSu origen: Tz\'i destino: Keme\n\nFortalezas:\n\nEs protector de la justicia.\nEs fuerte y servicial.\nEs incansable por lo que quiere lograr.\nPuede llegar a ser Guía Espiritual.\nPosee habilidad para arreglar fracturas en los huesos.\nSe puede defender muy bien ante cualquier problema.\nDebilidades:\n\nPuede ser violento y enojado.\nPuede sufrir enfermedades.\nPuede ofenderse fácilmente.\nPuede caer en la venganza y en los pleitos.','Pedernal o obsidiana'),(46,'Nahual','Kawoq','Características: Es el nawal de la mujer como comadrona. Es el día de la Vara Espiritual, le Pisom Q’aq’al. Es el relámpago. Es la dualidad del fuego sagrado en función de la espiritualidad maya. Es el día de la comunidad, de la familia, del grupo y de la sociedad. Es la energía que facilita las lluvias para darnos buenas cosechas, principalmente la del maíz.\n\nProporciona capacidad y habilidad para curar y orientar. Es la energía que fortalece a las Guías Espirituales. Mantiene la energía y la fertilidad. Es un día de mucha relación con la Madre Tierra y los elementos al proveer sabiduría para el manejo de las plantas medicinales. Facilita la unidad y el cuidado de la familia. Es el día de la mujer como esposa y madre que calienta el seno del hogar. También es un día especial para la plena realización de la mujer en la comunidad y en la sociedad.\n\nFunción Espiritual:\n\nDía del terapeuta (el que arregla huesos) y de la comadrona.\nUno de los días para tratar enfermedades.\nDía para invocar por la familia (hogar) y la comunidad.\nUno de los días especiales para pedir lluvia.\nDía para invocar para que los niños y niñas al nacer no vengan con defectos físicos.\nSu origen: B\'atz\' destino: Kej\n\nFortalezas:\n\nEs equilibrado y cariñoso.\nVive y trabaja por su familia.\nSi es mujer, puede ser comadrona.\nPuede llegar a ser Guía Espiritual.\nEs buen comunicador y expositor.\nDebilidades:\n\nPuede caer en el enojo.\nA veces es perseguido por los problemas y los pleitos.\nNo es muy afortunado en el amor.\nSe le puede culpar de todo lo que pasa.\nMuy hablador.\nSe puede meter en donde no es llamado.','Trueno o dificultad'),(47,'Nahual','Ajpu','Características: Es la luz y es la representación del Abuelo Sol. Significa cerbatanero, cazador, tirador y caminante. Es el día de la fuerza corporal y del triunfo del bien sobre los obstáculos. Es la representación del triunfo de Jun Ajpu e Ixbalamke sobre los señores de Xib’alb’a. Esta señal le fue dada a la abuela Ixmukane cuando retoñó el cañaveral que sembraron los dos muchachos en el patio de la casa.\n\nEs el día del gran Ajaw, el padre y su representación solar, el día de la grandeza, de la fuerza de la vida. Es el que trae luz y claridad a los seres humanos y sobre toda la humanidad.\n\nEs la fuerza regenerativa, el ciclo de la vida. La facultad para tener a toda la galaxia. Rige los eclipses lunares y solares. Es el momento de servir a los demás.\n\nFunción Espiritual:\n\nDía para ofrendar a los abuelos y abuelas fallecidas.\nDía propicio para tratar enfermedades.\nSe pide la vida y la fuerza.\nDía para pedir el triunfo del bien sobre el mal.\nSu origen: E destino: Q\'anil\n\nFortalezas:\n\nPuede desarrollar mejor la inteligencia.\nPuede tener dotes de artista.\nEs alegre.\nSe defiende muy bien.\nPuede llegar a ser Guía Espiritual.\nEs bueno para la cacería.\nDebilidades:\n\nPuede caer en el enojo.\nPuede ser tajante.\nEs delicado.\nPuede enfermarse.\nPuede evadir responsabilidades.\nLe dificulta aceptar correcciones.\nPuede tener una actitud autosuficiencia.','Cerbatanero o señor principal'),(48,'Nahual','Imox','Características: Símbolo de las fuerzas ocultas del universo manifestadas en demencia. “Imox” es el nombre de todas las cosas secretas. En general, es un día de influencias negativas. Es un día peligroso. Es símbolo del hemisferio izquierdo, la parte sutil de los seres humanos, es la sensibilidad. Es la esencia de nuestra conciencia y de nuestra mente.\n\nEs el nawal o espíritu del agua. Genera movimiento pero, también, descontrol emocional. Es un día con influencias negativas y los que nacen en este día pueden convertirse en busca pleitos. Por eso, el día es propicio para las ceremonias de limpieza emocional.\n\nSignifica idiotez y locura. Es un día especial para pedir la abundancia de agua. Día para invocar por los ríos y nacimientos de agua para que no se sequen. Su trabajo es ayudar al hemisferio derecho del cerebro a realizar un mejor trabajo y a tomar una buena actitud.\n\nEs el día de la perturbación mental o de la equivocación. No es indicado para tomar decisiones. Es el día en que se puede implorar y limpiar las perturbaciones provocadas por el enemigo en todos los órdenes de la vida.\n\nFuncion Espiritual:\n\nTratamiento de las perturbaciones mentales.\nDía especial para invocar por el agua.\nInvocaciones para mantener el equilibrio mental, espiritual, físico y emocional.\nSu origen: Aj destino: Toj\n\nFortalezas:\n\nPuede desarrollar la clarividencia.\nPuede captar los mensajes y señales de la naturaleza.\nPuede desarrollar con mayor grado su hemisferio izquierdo.\nPuede tener buenas iniciativas.\nDebilidades:\n\nSe le olvida con facilidad las cosas.\nPuede resultar muy inseguro.\nPuede tener reacciones violentas.\nEs ordenado en sus cosas.\nPuede tener un carácter variado.','Locura o pez'),(49,'Nahual','Iq\'','Características: Es el viento y la vida. Es nawal de la lluvia. Es el día del Corazón del Cielo y Corazón de la Tierra. Es el aire y el soplo sagrado que da fuerza y vida. En este día se le pide al viento que se lleve los sufrimientos o las enfermedades de la persona.\n\nSignifica aire y aliento de vida. También, es el nawal de Junraqan (Huracán) convertido en tornado. Es uno de los Cargadores del Tiempo. Es, también, la respiración de la persona. Es el soplo sagrado, suave y apacible purificador del cuerpo, de la mente, del espíritu y de las emociones. Es el espacio invisible existente entre la materia. Es uno de los elementos que produce los fenómenos naturales.\n\nEl niño que nace en Iq’ es un niño que hace de todo pero no llega a nada. Es como el aire que toca y arrastra todo lo que encuentra en su camino. Puede construir pero también destruye.\n\nFunción Espiritual:\n\nEs día propicio para efectuar ceremonias al espíritu del aire o viento.\nDía para tratar enfermedades respiratorias, psicológicas y emocionales.\nDía de invocación para que el aire no destruya las siembras.\nSu origen: I\'x destino: Tz\'i\'\n\nFortalezas:\n\nPuede adaptarse a cualquier situación.\nPosee fuerza física.\nEs soñador e imaginativo.\nPuede tener ideas futuristas.\nNo asusta casi nada.\nDebilidades:\n\nDe carácter muy fuerte.\nPuede resultar inseguro e impulsivo.\nPuede caer en la infidelidad con su pareja.\nPuede sufrir algunos problemas sociales y económicos.\nLe encanta decir directamente las cosas.','Viento o luna'),(50,'Nahual','Aq\'ab\'al','Características: Es el símbolo de la mano y de la aurora formada por los primeros rayos del sol que se asoman sobre las montañas para disipar las tinieblas y la oscuridad de la noche.\n\nSignifica amanecer, aurora, luz, claridad, nuevo día. Es la renovación de energía. Es la llegada de la luz, del crepúsculo, la luz que se asoma detrás de los cerros y montañas.\n\nEs el día del amanecer, del futuro promisorio que esperamos cada día, los mejores días para nuestro pueblo y para cada persona en particular.\n\nFunción Espiritual:\n\nAclara los conocimientos.\nAclara el camino de la vida.\nConduce a nuevas oportunidades de la vida.\nIlumina las cosas ocultas.\nDía para agradecer la creación del ser humano.\nSu origen: Tz\'ikin destino: Batz\'\n\nFortalezas:\n\nEs madrugador, alegre y sereno.\nPuede tener buen carácter.\nPuede tener dotes para tratar enfermedades.\nPuede ser Guía Espiritual.\nSon fuertes, dinámicos y astutos.\nPuede tener seguridad mental y física.\nDebilidades:\n\nNo es bien reconocido en su tierra.\nPuede encontrar el fracaso.\nPuede caer en la mentira y la traición.\nPuede tener dificultades en lo económico.\nEs un poco reservado y aislado.','Amanecer, aurora y mano'),(51,'Nahual','K\'at','Características: Está relacionado con la palabra k’atik que significa arder. Símbolo del fuego y de la red. En el ritual se hace mención del día como tiempo para el enredo y el desenredo. Es el que enreda y desenreda la vida.\n\nEs la red donde se guarda la mazorca. La red con la que se pesca. La red donde mueren los peces. Significa cautiverio y ausencia de libertad. Signo de opresión que se ejerce sobre una comunidad.\n\nEs el trastecito o el bracero que le entregan a uno cuando recibe el Pisom Q’aq’al o la Vara Sagrada. Para los nacidos en K’at, en la espiritualidad maya, se les recomienda visitar al Ajq’ij cada veinte días para efectuar su ceremonia. De lo contrario, pueden tener muchos enredos en el camino, en el trabajo y en la vida.\n\nFunción Espiritual:\n\nSe puede pedir por la liberación de algún preso.\nPedir porque el parto sea normal.\nDía del desenvolvimiento e investigación de la ciencia.\nDía para arreglar problemas emocionales y de amor.\nSu origen: Ajmaq destino: E\n\nFortalezas:\n\nPersona sincera y ordenada.\nPuede ser líder.\nPuede ser una persona muy afortunada en lo económico.\nPuede ser Guía Espiritual.\nPersona muy activa y curiosa.\nPuede recordar las cosas facilidad.\nPuede ser muy tajante en su decisión.\nDebilidades:\n\nPuede caer en los chismes y en el enojo.\nPuede resultar nervioso.\nPuede perder las cosas con facilidad.\nPuede estar propenso a malas influencias.\nPuede caer en el individualismo.\nPuede caer en el orgullo.\nCon tendencia a meterse en los problemas ajenos.','Red, cautiverio o iguana'),(52,'Nahual','Kan','Características: Significa movimiento, Es el símbolo de la Gran Energía que creó el Universo. Es la Serpiente Emplumada o Q’uq’umatz. Es la evaluación humana y el desarrollo espiritual. Es la Sabiduría y el ciclo del tiempo. Es guardián del bosque. Es el día de la transformación.\n\nsignifica justicia y equilibrio. Es un día muy fuerte y “enojado”. Es un día que puede traer malas influencias como el enojo y la riña. Sin embargo, es un símbolo de la verdad y es rápido e implacable cuando la justicia señala a alguien el lugar de los perdedores. La energía del día se presta para la solución de problemas.\n\nFunción Espiritual:\n\nInvocaciones por la igualdad y justicia.\nDía para desarrollar la fuerza física.\nDía para desarrollar el fuego interior y la evolución espiritual.\nUno de los días para realizar invocaciones por la lluvia.\nDía para alejar el enojo, la timidez y el mal carácter.\nSu origen: No\'j destino: Aj\n\nFortalezas:\n\nPersona con mucho conocimiento.\nPuede tener mucha habilidad para la intuición.\nMuy inteligente.\nPractica la sinceridad y la justicia.\nPuede llegar a ser líder.\nPuede tener habilidad para los pronósticos y la clarividencia.\nPuede ser Guía Espiritual.\nEs humilde.\nDebilidades:\n\nPuede estar influenciado por el enojo y la traición.\nPuede caer en el resentimiento y la avaricia.\nEs desconfiado y sorpresivo.','Serpiente emplumada'),(53,'Nahual','Kame','Características: Es el símbolo de la muerte. Símbolo de la disolución final de todas las cosas, buenas y malas. Significa tecolote y muerte. Es el renacimiento. Significado que se expresa a través de los sagrados granos de Tz’ite’ o Palo de Pito. Es día propicio para pedir por la salud de los enfermos y para hacer ofrendas porque progrese el negocio.\n\nEs la energía de las personas que mueren de manera natural. Puede restar fuerza a una persona o fortalecerla. Pronostica lo bueno y lo malo. Es la comunicación con las abuelas y abuelos a través de las candelas de cebo que se ofrecen en las ceremonias. Prudencia y protección para evitar accidentes. Es el Juez Supremo de todas las cosas. Nawal de la enfermedad y de la muerte.\n\nFunción Espiritual:\n\nEs un día bueno para el negocio.\nDía especial para comunicarse con los ancestros.\nFortalecimiento de la vida.\nDía para pedir protección en los viajes.\nDía para contrarrestar enfermedades.\nSu origen: Tijax destino: I’x\n\nFortalezas:\n\nPuede ser médico.\nEs fuerte ante sus enemigos.\nEs inteligente, respetuoso y seguro.\nPuede controlarse.\nPuede desarrollar habilidades para la clarividencia.\nDebilidades:\n\nPuede tener un temperamento fuerte.\nPropenso al suicidio.\nPuede sufrir mucho al no cumplir con sus obligaciones con la Madre Naturaleza.\nPuede tener tendencias a la mentira y a la infidelidad con su pareja.','Muerte o dueño de la oscuridad'),(54,'Nahual','Kej','Características: El nawal del Kej es muy masculino y si una mujer nace en este día, tiene el carácter y voz fuertes y es de alguna manera varonil.\n\nSimboliza venado, los cuatro sostenes, los cuatro pilares, es decir los cuatro puntos cardinales. Es el día fuerte y bueno. Es un día que aplasta. Es un día que demuestra su fuerza y su poder.\n\nLos que nacen en este día: son de carácter fuerte y poseen fortaleza física. Son buenos defensores de otras personas, pero no pueden defenderse a sí mismos. pueden ser ricos y poseer muchos bienes. generalmente gozan de buena salud pues no se enferman con facilidad.\n\nSon los cuatro puntos cardinales que sostienen el mundo; sostiene la vida del hombre. Los que nacen en este día son caminantes y tienen suerte en el negocio.\n\nEs el día en que se pide fuerza, fortalecimiento, endurecimiento, para que uno sea duro, aguantador en caso de enfermedades, golpes, críticas, que uno aguante lo duro de la vida. Los que nacen en Kej podrían ser buenos guías espirituales mayas.\n\nSignificado:\n\nLa cruz maya.\nLos cuatro puntos cardinales.\nLos cuatro sostenes de la tierra.\nNawal de los defensores.\nLos cuatro colores de las energías.\nCaballo, fuerza, aguantador.\nFortalezas:\n\nBuenos defensores\nPoseen riquezas\nGozan de buena salud\nSon buenos guías espirituales\nSon muy sociables\nSon fuertes, inteligentes, responsables, positivos y triunfadores.\nEn el matrimonio son muy equilibrados\nDebilidades:\n\nPuede hacer el mal con su pensamiento\nTiene un carácter fuerte\nPueden ser muy compulsivos\nLes gusta la popularidad y el poder\nPodrían ser autocráticos, manipuladores etc.\nLes gusta la comodidad\nSon muy reservados\nAutoritarios\nSuelen ser exigentes\nLes gusta hundir y aplastar a las personas.\nPodrían ser necios','Venado'),(55,'Nahual','Q\'anil','Características: Este es un día propicio para las rogativas que se hacen con relación al maíz y para darle gracias a la divinidad de la tierra, por la cosecha de maíz.\n\nEs el nawal de las cosechas. El que nace en este día es buen agricultor. Hay que buscar este tanto para la siembra como para la cosecha del maíz.\n\nSimboliza los cuatro colores del maíz existentes en Meso América: rojo, negro, blanco y amarillo. Los cuatro colores de la piel de la humanidad. Los cuatro puntos cardinales del universo. En este día se pide buena cosecha. Es el día del agricultor.\n\nSignificado:\n\nNawal de la semilla.\ngerminación de todos los seres vivientes.\nDía de la construcción de los primeros abuelos del maíz.\nDía de: La Fecundación y de La Germinación.\n\nFortalezas:\n\nAfortunados en las siembras o crianza de animales\nMuy fértiles en tener hijos\nSon buenos comerciantes\nsuelen tener Signos de intensa energía en su cuerpo\nExtremadamente inteligentes\nLes gusta hablar, debatir, leer, escribir\nAficionados al ejercicio físico o la danza\nMente compleja\nSe interesan de detalles\nDebilidades:\n\nPadecen de dolor de cabeza, resfriados\nPodrían destruir su propio hogar\nIncrédulos\nCreen en su imaginación\nRegularmente son nerviosos\nPueden ser cobardes\nAutodestructivos\nEvitan las grandes responsabilidades\nPropensos a adquirir vicios relacionados con estimulantes\nMuy agresivos, enojados\nA veces son obsesivos, compulsivos\nLlegan a donde no son llamados\nOrgullosos\nSuelen ser egoístas','Semilla, simiente o conejo'),(56,'Nahual','Toj','Características: Significa pago, ofrenda y agradecimiento. Se ponen presentes para el pago de alguna culpa o para enmendar algún error.\n\nEs el día especial de las ofrendas. Se agradece el sol, el agua, el aire, el alimento y todo lo que nos rodea y lo que hemos recibido de la Madre Tierra. Los que nacen en Toj, algunas veces, son los que pagan la deuda de la familia, por eso es que pueden sufrir problemas de salud.\n\nFunción Espiritual:\n\nAgradecimiento a Ajaw por los beneficios recibidos.\nDía para ponerse en paz con Ajaw, con los abuelos y abuelas y con el prójimo.\nSe hacen ceremonias para lograr el equilibrio, moral y espiritual.\nDía para retirar los sufrimientos, accidentes y enfermedades.\nSu origen: Imox destino: No\'j\n\nFortalezas:\n\nDe grandes virtudes.\nEs creativo, comunicativo y dinámico.\nPractica la sinceridad.\nEs analista, imaginativo e intuitivo.\nDe carácter abierta.\nEs romántico.\nDebilidades:\n\nPuede sufrir enfermedades.\nPuede caer en la miseria.\nPuede tener inestabilidad mental.\nPuede estar expuesto a accidentes.\nPuede caer en el orgullo y la vanidad.\nVicioso y orgulloso','Ofrenda, pago o lluvia'),(57,'Nahual','Tz\'i\'','Características: El antiguo significado de Tz’i’ es tepescuintle. En idioma k’iche’ es Lalo. Guardián de la milpa de la abuela Ixmukane de donde Ixk’ik’ trajo la red llena de mazorcas, y que le ayudó a cumplir con su tarea de una manera mágica. En el Popol Wuj significa Jun Ajpu Wuch’, cazador tacuacín y Jun Ajpu Utiw, cazador coyote. También es guardián de los cerros, las montañas, las veredas y los barrancos.\n\nEs la fidelidad, la autoridad y la ley. Por tanto, es el guardián de la ley natural y espiritual. Hace los papeles de secretario.\n\nPuede influir en excesivas conductas sexuales. Por eso, algunos Guías Espirituales le atribuyen como símbolo del pecado, especialmente de impureza sexual. El que nace en este día puede resultar muy sexual, sea hombre o mujer. La intensidad de esta conducta dependerá del numeral que acompaña al Tz’i’ como día de nacimiento.\n\nFunción Espiritual:\n\nInvocar por el orden y la exactitud.\nPuede interpretar lo conocido y lo desconocido.\nSe invoca el día para que guíe y cuide el camino.\nDía para contrarrestar calumnias y ofensas.\nDía de protección ante la ley.\nSu origen: Iq\' destino: Tijax\n\nFortalezas:\n\nAtento, valiente, respetado, justo.\nEs defensor de otras personas.\nEs cordial.\nLogra lo que busca.\nBuen investigador y presiente las cosas o actos.\nEnamorado.\nEs el día de los abogados\nDebilidades:\n\nPuede resultar vicioso e infiel.\nPuede caer en la mentira.\nPuede tener mucha tendencia sexual.\nPuede resultar con temperamento fuerte.','Perro o mapache'),(58,'Nahual','B\'atz\'','Características: Es el símbolo del hombre y de la humanidad, de la realización del hombre.\n\nSímbolo de continuidad con el pasado, como se ha englobado dentro del ritual. “Un buen día, de la perpetración de las ceremonias y costumbres de nuestros antepasados.\n\nEs el día en que se realiza aquella parte del matrimonio en que se pide la novia, y el casamiento cuarenta días después, en un día B’atz’ con un número más alto. En 8 B’atz’ se presenta públicamente el aprendiz de sacerdote maya, y cuarenta días después se realiza el agradecimiento.\n\nSimboliza el tiempo. Nuestros antepasados, los mayas representaron el tiempo imaginándolo como un hilo enrollado a un carrizo que se encuentra debajo de la tierra. Este hilo se va desenrollando a medida que el tiempo pasa. La historia se teje con el tiempo, así como el hilo teje los vestidos. El ciclo Nuevo Maya, Wajxaqib’ B’atz’, en la ceremonia se ameniza con marimba y se baila alrededor del fuego. El B’atz’ amarra y desata. Se le dice B’atz’ porque gira. Y es el talento del ser humano.\n\nSignifica:\n\nEnlace matrimonial\nMono, hilo, amarrador\nEl tiempo. desarrollo de la evolución humana, dándonos la vida\nNawal de medidor del tiempo y de toda clase de tejidos\nEs un buen día para recibir el destino como sacerdote Maya\nOrador, escultor, tallador y artista, música, flauta, deporte y siembra.\nSignificado Clave: La representación y el talento artístico\n\nFortalezas:\n\nInteligente, astuto\nAmable\nReservado\nSuelen imitar lo que ven\nTienen buenas señales\nAdinerados (Ricos)\nMaestros de todas las artes\nDebilidades:\n\nInseguro\nHaragán\nEnojado, agresivo\nEnvidioso, calumniador\nMala imaginación, incrédulo\nAmbicioso de cualquier cosa\nDébil de voluntad','Mono o hilo'),(59,'Nahual','E\'','Características: Simboliza el camino y el destino. Es el guía. Es el que nos lleva a un punto fijo. Uno de los Cargadores del Tiempo. Es la protección de los viajeros y caminantes. Conduce la vida espiritual y material.\n\nEs el que hace posible la realización humana en todos los órdenes y en todas las manifestaciones. Pero también puede simbolizar los obstáculos con que los seres humanos se tropiezan en la continua búsqueda de esa realización.\n\nEs un día bueno para desplazarse en cualquier lugar. En caso de peligro, el Ajaw E es el que da la protección. También es día bueno para agradecer el bienestar físico, la vida misma de las personas y el trabajo. Es un día muy sagrado. Por esta razón, se puede pedir su protección, como dice el Popol Wuj “que no se caigan en la bajada ni en la subida del camino. Que no encuentren obstáculos ni detrás ni delante de ellos, ni cosa que los golpee. Concédeles buenos caminos, hermosos caminos planos…”.\n\nEs el viaje, la travesía y el trayecto. Se ofrecen ceremonias o invocaciones para que limpie el camino de los peligros y de los accidentes.\n\nFunción Espiritual:\n\nProtección ante las tentaciones\nProtección ante los peligros del camino\nDía para iniciar un proyecto\nDía de protección de los pilotos\nDía para encauzar mejor el destino\nSu origen: K\'at destino: Ajpu\n\nFortalezas:\n\nEs amable y trabajador\nEs guía y consejero\nEs cariñoso y alegre\nEs viajero y puede ser comerciante\nAfortunado, decidido, comprensivo\nCuidadoso en las cosas\nDebilidades:\n\nDesconfiado e inseguro\nAlgunas veces se puede resentir\nEs variable con su carácter\nEs nervioso y frágil\nImpaciente en algunas ocasiones','Camino o diente'),(60,'Nahual','Aj','Características: Simboliza caña veral y milpa. Todo lo que se relaciona al hogar y la familia. Es el símbolo que dejó Jun Ajpu Ixb’alamkej de su vida, cuando sembró la caña en medio del patio de la casa de la abuela Ixmukane. Aj es símbolo de la resurrección de Jun Ajpu e Ixb’alamkej, quienes no murieron en manos de los señores de Xib’alb’a. Es el triunfo del bien sobre el mal.\n\nEs el destino representado por el Nawal o los Nawales. 8 Aj es el día en el cual se establece el destino de uno, para llamarlo y reconocerlo.\n\ntambién es elote, maíz tierno. Día relacionado con todo lo que concierne a los niños. Es día bueno y sobre todo para rezar por las criaturas.\n\nTambién es el día de la enfermedad debilidad en el tejido óseo, pero de mucha energía espiritual. Es el hogar, la casa, todo lo que se relaciona con la casa. Los que nacen en Aj pueden ser sacerdotes mayas.\n\nFunción Espiritual:\n\nEl hogar y la familia de todas las generaciones tiernas; 8 Aj se celebra el día del niño.\nEl bastón del poder de las virtudes divinas, sensatez, la palabra sagrada.\nCaña, símbolo que dejó Jun Ajpu Ixbalanke de su vida, cuando sembró la caña en el patio, dueño del Hogar, y ternura.\nNawal de las artes.\nSignificado Clave: La integridad de la fe\n\nFortalezas:\n\nAutoridad\nInteligente\nEstricto\nEs respetado por sus amigos\nPrincipios sólidos en el terreno moral y ético\nAtraído por la religión o los estudios filosóficos y teológicos\nTrabajador\nBromista\nDebilidades:\n\nRegaña\nCeloso\nNervioso\nExpuesto a discutir y juzgar\nHace lo que le plazca\nExtremista, no es de moderación\nHace bromas pesadas\nNo es constante en la fe\nVariable\nSufre con frecuencia, se enferma en la niñez\nAlcohólico\nDestructor\nUna vida variable, de dolor\ntristeza y alegría\n','Caña o cañaveral'),(61,'Nahual','I\'x','Características: Es el símbolo y energía de la Madre Tierra. Representa los lugares o centros ceremoniales donde se llevan a cabo las ceremonias. Son los cerros, las montañas, las planicies. Significa Jaguar.\n\nRepresenta el altar maya o sea el tab’al. Es un día especial para pedir la vida de los animales tanto domésticos como salvajes. Se le pide a Ajaw una buena cosecha de cualquier cultivo, en especial el de las verduras. En este día se encienden candelas de color verde, ya que simbolizan el color de la Madre Tierra.\n\nRepresenta el altar maya o sea el tab’al. Es un día especial para pedir la vida de los animales tanto domésticos como salvajes. Se le pide a Ajaw una buena cosecha de cualquier cultivo, en especial el de las verduras. En este día se encienden candelas de color verde, ya que simbolizan el color de la Madre Tierra.\n\nFunción Espiritual:\n\nPropicia energía espiritual y física.\nInvocación por la lluvia.\nInvocación por la vida de los animales.\nDía de invocación por la salud de toda la humanidad.\nDía para realizar invocaciones para que las siembras estén protegidas de los animales.\nSu origen: Keme destino: Iq\'\n\nFortalezas:\n\nEs paciente, fuerte, responsable, valiente, respetuoso, vigoroso y atrevido.\nEs decisivo y realista.\nEs de buen corazón.\nBuen padre de familia.\nPuede ser líder y famoso si sabe encauzar sus energías.\nDebilidades:\n\nPuede llegar a tener un carácter fuerte.\nAlgunas veces se enoja y se impacienta.\nSu carácter le puede hacer prepotente, orgulloso, colérico, serio y vengativo.\n','Jaguar'),(62,'Energia','Jun','Principio de Unidad.\nPropósito, Atraer, Unificar.\nEl principio y origen, el ser humano como un todo.\nLa unidad establece el propósito, el objeto y la meta de acción por pequeña que esta sea.\nLa unidad es el todo, la única verdad absoluta, es la creación mental del todo.\nEn el circulo de la perfección todos los seres están unidos inseparablemente sin importar su dimensión de manifestación, la creencia de que no es así, crea una grieta en la relación original y esa grieta en el campo de energía crea una polaridad (como proceso de cicatrización) que ha de convertirse en vibración.','El Todo, La Unidad, El Absoluto, La Pureza'),(63,'Energia','Keb\'','Principio de Polaridad.\nDesafió, Estabilizar, Polarizar.\nEsqueleto y esencia, Masculino y femenino; forman el principio generador dual, la simetría dual de los seres. Son los extremos de un mismo fenómeno, opuestos idénticos en su naturaleza: espíritu y materia, luz y oscuridad, yin y yang.\nArmonizar la vibración es resolver la polaridad equilibrando los dos extremos, o sea, incluyéndolos\nSi todo es luz, las formas se difuminan, por eso es necesario el contraste de las sombras.\nCultivar nuestra resonancia es armonizar nuestra vibración con resonancias superiores como la planetaria, solar y galáctica.\n','La Pareja, La Polaridad, El Complemento, El Apoyo'),(64,'Energia','Oxib\'','Principio del ritmo o compensación.\nServicio, Unir, Activar.\nFlujo y reflujo, ascenso y descenso, acción y relación; es el movimiento entre los polos de todos los planos (físico, mental y espiritual).\nCada fenómeno, cada proceso tiene su propio ritmo: todo tiene un inicio, nace, crece, muere y renace. Liquido precioso que da calor y energía al cuerpo, sangre, el agua de la naturaleza, lluvia.\nAl crear polaridades, desencadenamos eventos, circunstancias que experimentamos y superamos, las acciones que producen un campo de negatividad (ignorancia, oscuridad espiritual) son kharmas, las acciones que suprimen y corrigen la negatividad (sabiduría) son Dharmas y crean un campo benéfico.','Los Resultados, Los Hijos, El Temor, Los Frutos'),(65,'Energia','Kajib\'','Principio de la medida.\nForma, Medir, Definir.\nEl cuatro como medida de todas las estructuras materiales (la pirámide), entra siempre en relación con la composición trina de lo espiritual, formando la estructura Septernal de todo lo que Es.\nEl poder del ordenamiento matemático del macro y microcosmos. Todo cuanto existe es según la medida de la ley del todo.\nEstablece los limites de las estructuras; las 4 fuerzas principales, 4 rumbos sagrados, 4 elementos: calor, viento y agua sobre tierra. Cuatro son las regiones mayas, 4 los elementales, 4 los nucleótidos, 4 los elementos químicos primarios, 4 las razas cósmicas, rumbos cardinales, estaciones solares, chacras de personalidad, etc','La Solidez, La Fortaleza, La Felicidad, La Estabilidad'),(66,'Energia','Job\'','Principio de lo nuclear.\nEsplendor, Mandar, Dar poder.\nLa capacidad de realización, la movilidad de los dedos, percibir la belleza de la naturaleza, el 5to. punto o centro del Universo.\nToda unidad, por pequeña que sea, objetiva o subjetiva comporta un núcleo como atractor y una periferia de manifestación (núcleo del átomo y electrones, por ejemplo).\nDeriva la concepción del matiz cromático de cinco, que es la acción de la quinta fuerza galáctica; el matiz del color da la entonación.','El Amor, El Trabajo, El Esfuerzo, Analizar'),(67,'Energia','Waqib\'','Principio del equilibrio orgánico: 2x3. (Polaridad por ritmo)\nIgualdad, Equilibrar, Organizo.\nLa polaridad del ritmo genera el principio orgánico, la ley del ordenamiento Hexagonal de las estructuras cristalinas y celulares. La tendencia de las estructuras ligadas al proceso de la vida es la de alcanzar el equilibrio relativo, estado de realización intermedio, a partir del cual continuar el movimiento hacia la conciencia superior.\nEl principio del Diferencial de Potencial aporta la resolución de situaciones a través de saltos cualitativos entre estados de la energía. Nada de cuanto sucede es casual, todo esta sujeto al poder de la ley primigenia; todo efecto tiene su causa y a la vez es causal de otros efectos, la Causa Centro Primera es el Creador.\nSu acción es equilibrar, el principio de la integración de nuestra introspección','El Mundo Material, La Materia, La Amistad, La Reacción'),(68,'Energia','Wuqub\'','Principio de unificación mental. (Poder místico)\nArmonización, Inspirar, Canalizo.\nLos hombres somos unidades resonantes dentro de un todo Mental, el orden material es un fractal del ordenamiento mental del universo; nosotros no controlamos la mente, somos pensados por la mente, vivimos inmersos en ella.\nEl siete canaliza energía inspirando la armonización. Representa las fases lunares de 7 días, el segundo paso de la transformación interior; el intelecto activo, inquieto, la influencia lunar.','El Equilibrio, El Movimiento, El Integrar, El Realizar'),(69,'Energia','Wajxaqib\'','Principio de Resonancia armónica. (Octavas resonantes)\nIntegridad, Modelar, Armonizar.\nAsí como en música, las escalas se suceden en octavas, las energías vibratorias contactan y resuenan con sus respectivas equisonantes en los niveles superiores e inferiores de manifestación, como también con los armónicos secundarios derivados de la vibración.\nLas octavas son el vehículo de información del todo, como ley de la armonía; el tono ocho otorga la habilidad de dar forma, de modelar, de describir aspectos del nivel inmediatamente superior de vibración.\nOcho es la esencia interior, el ser como recipiente de la esencia cósmica, el 2 veces NAHUI (4), conjuga las 4 direcciones (+) y los 4 rincones (X) del mundo.\n','La Espiritualidad, El Arte, La Alegría, La Energía Masculina'),(70,'Energia','B\'elejeb\'','Principio de la Periodicidad cíclica.\nIntención, Realizar, Pulso.\nTodo cuanto se mueve lo hace de acuerdo a la Ley Cósmica; la periodicidad cíclica, no la repetición de los sucesos, es la cualidad por la que un evento se asocia a otros anteriores y posteriores en el tiempo como fenómenos resonantes (ciclos entre ciclos).\nRepresenta lo femenino del principio generatriz (Yin), el polo creativo en el cual se manifiesta la generación o producción de formas, energías y conceptos nuevos dinamizadores del proceso evolutivo de la vida, el objetivo; la intención de poner la acción en movimiento','La Realización, El Poder, Acción, La Energía Femenina'),(71,'Energia','Lajuj','Principio de la Manifestación.\nManifestar, Producir, Perfecciono.\nEl movimiento como energía se manifiesta en cada nivel u octava de vibración (dimensión); todo lo que se manifiesta, es decir, que cobra presencia (objetiva o subjetiva) se puede medir y viceversa.\nLa manifestación de la energía en todos los planos, implica vencer o enfrentar los obstáculos inherentes al plano dimensional y al tipo de presencia a manifestarse. Las manos juntas, la dualidad de las manos (5+5=10), equilibrándose mutuamente, como flecha al objetivo.\n','La Ley, La Autoridad, La Rectitud, La Impecabilidad'),(72,'Energia','Julajuj','Principio de las Estructuras disonantes.\nLiberación, Divulgar, Disolver.\nTodas las estructuras, cualquiera sea su naturaleza, tienden a ingresar a nuevas realidades; el movimiento perpetuo implica mutación y cambio constante, en la vida vamos haciendo conscientes estas nuevas realidades.\nLas estructuras que se \'desordenan\' como un aparente caos para el mundo material, en realidad están ingresando a otro orden superior no comprensible desde la tridimensional. La grieta que nos escinde del todo es la no evolución, nuestra tendencia a quedarnos resguardados donde nos sentimos cómodos y seguros es un espejismo; un orden superior que hoy asimilamos como caos esta a la espera de nuestro ingreso, es la quinta dimensión que trasciende a las anteriores\n','Compartir, Separar, Las Posibilidades, Dejarse-abandonarse'),(73,'Energia','Kab\'lajuj','Principio de la Estabilidad compleja: 2x6.\nCooperación, Universalizar, Dedicación.\nEs la polarización del equilibrio orgánico, mediante el cual cada especie gana su propio nivel de frecuencia armónica, es decir, su estatuto como especie: código, nicho, hábitat, etc. Genera las fuerzas conservacionistas de los organismos vivos, incluida la tierra, como cooperación simbiotica.\n','La Familia, La Comunidad, Los Grupos, La Seguridad'),(74,'Energia','Oxlajuj’','Principio del movimiento universal o principio de vibración.\nPresencia, Trascender, Perdurar.\nTodo cuanto existe esta en perpetuo movimiento, desde lo mas sutil con las vibraciones, hasta lo mas denso y pesado como expresión de las bajas frecuencias, a tal punto que estos extremos parecen en reposo.\nEl movimiento es la energía que fluye desde la fuente y regresa a ella. Este principio otorga trascendencia a todo lo que funciona con y obedece a la ley del uno, trascendencia es la cualidad de perdurar mas allá del tiempo y del espacio. La unión total de todos los números anteriores, el ultimo numero representa el conocimiento interno, la introspección, centralidad y transparencia, Sabiduría del Universo, La Madre Tierra, respeto a lo que existe, florece y da frutos.','La Magia, EL Poder del Camino, La Teurgia, El Trasmutar');
/*!40000 ALTER TABLE `Elemento` ENABLE KEYS */;
UNLOCK TABLES;

--
-- Table structure for table `Juego`
--

DROP TABLE IF EXISTS `Juego`;
/*!40101 SET @saved_cs_client     = @@character_set_client */;
/*!50503 SET character_set_client = utf8mb4 */;
CREATE TABLE `Juego` (
  `id_juego` int NOT NULL AUTO_INCREMENT,
  `nombre_usuario` varchar(25) NOT NULL,
  `punteo` int NOT NULL,
  `tiempo` time NOT NULL,
  `fallos` int NOT NULL DEFAULT '0',
  `dificultad` int NOT NULL,
  `fecha_hora` timestamp NOT NULL,
  PRIMARY KEY (`id_juego`),
  KEY `fk_nombre_usuario_punteo_idx` (`nombre_usuario`),
  CONSTRAINT `fk_nombre_usuario_juego` FOREIGN KEY (`nombre_usuario`) REFERENCES `Usuario` (`nombre_usuario`)
) ENGINE=InnoDB AUTO_INCREMENT=4 DEFAULT CHARSET=utf8mb4 COLLATE=utf8mb4_0900_ai_ci;
/*!40101 SET character_set_client = @saved_cs_client */;

--
-- Dumping data for table `Juego`
--

LOCK TABLES `Juego` WRITE;
/*!40000 ALTER TABLE `Juego` DISABLE KEYS */;
INSERT INTO `Juego` VALUES (1,'jugador_1',80,'00:01:30',1,1,'2022-04-15 02:34:43'),(2,'jugador_2',80,'00:01:30',1,1,'2022-04-15 04:19:39'),(3,'jugador_2',80,'00:01:30',1,1,'2022-04-15 04:19:39');
/*!40000 ALTER TABLE `Juego` ENABLE KEYS */;
UNLOCK TABLES;

--
-- Table structure for table `Reaccion`
--

DROP TABLE IF EXISTS `Reaccion`;
/*!40101 SET @saved_cs_client     = @@character_set_client */;
/*!50503 SET character_set_client = utf8mb4 */;
CREATE TABLE `Reaccion` (
  `id_reaccion` int NOT NULL AUTO_INCREMENT,
  `nombre_usuario` varchar(25) NOT NULL,
  `id_descripcion` int NOT NULL,
  `fecha_hora` timestamp NOT NULL,
  `tipo_reaccion` int NOT NULL,
  PRIMARY KEY (`id_reaccion`),
  KEY `fk_nombre_usuario_reaccion_idx` (`nombre_usuario`),
  KEY `fk_id_descripcion_reaccion_idx` (`id_descripcion`),
  CONSTRAINT `fk_id_descripcion_reaccion` FOREIGN KEY (`id_descripcion`) REFERENCES `Descripcion` (`id_descripcion`) ON DELETE RESTRICT ON UPDATE RESTRICT,
  CONSTRAINT `fk_nombre_usuario_reaccion` FOREIGN KEY (`nombre_usuario`) REFERENCES `Usuario` (`nombre_usuario`)
) ENGINE=InnoDB AUTO_INCREMENT=8 DEFAULT CHARSET=utf8mb4 COLLATE=utf8mb4_0900_ai_ci;
/*!40101 SET character_set_client = @saved_cs_client */;

--
-- Dumping data for table `Reaccion`
--

LOCK TABLES `Reaccion` WRITE;
/*!40000 ALTER TABLE `Reaccion` DISABLE KEYS */;
INSERT INTO `Reaccion` VALUES (1,'jugador_1',2,'2022-04-17 22:05:53',0),(2,'jugador_2',2,'2022-04-17 22:05:53',0),(3,'jugador_3',2,'2022-04-17 22:05:53',0),(4,'jugador_4',2,'2022-04-17 22:05:53',0),(5,'jugador_5',2,'2022-04-17 22:05:53',0),(6,'jugador_6',2,'2022-04-17 22:05:53',0),(7,'jugador_7',1,'2022-04-17 22:05:53',1);
/*!40000 ALTER TABLE `Reaccion` ENABLE KEYS */;
UNLOCK TABLES;

--
-- Table structure for table `Tipo_Elemento`
--

DROP TABLE IF EXISTS `Tipo_Elemento`;
/*!40101 SET @saved_cs_client     = @@character_set_client */;
/*!50503 SET character_set_client = utf8mb4 */;
CREATE TABLE `Tipo_Elemento` (
  `id_tipo_elemento` varchar(20) NOT NULL,
  `descripcion` varchar(1200) DEFAULT NULL,
  PRIMARY KEY (`id_tipo_elemento`)
) ENGINE=InnoDB DEFAULT CHARSET=utf8mb4 COLLATE=utf8mb4_0900_ai_ci;
/*!40101 SET character_set_client = @saved_cs_client */;

--
-- Dumping data for table `Tipo_Elemento`
--

LOCK TABLES `Tipo_Elemento` WRITE;
/*!40000 ALTER TABLE `Tipo_Elemento` DISABLE KEYS */;
INSERT INTO `Tipo_Elemento` VALUES ('Energia','El calendario Cholq\'ij utiliza las energías del 1 al 13 pero su ciclo es de meses y días.\n\nLa relación del 13 con los ciclos de la vida es múltiple, entre ellas se pueden mencionar:\n\nLas 13 energías en el nacimiento\nLos 13 ciclos de 20 días de un año Cholq’ij.\nEl 13 es una cantidad importante en el pensamiento maya. Se utiliza para indicar el nivel de energía y al combinar con el significado de los nawales construye la personalidad. Este número tiene influencia en toda la vida, marca la niñez, juventud, madurez y ancianidad.'),('Kin','La escritura maya era un sistema logosilábico cuyo significado es discutido. Los símbolos individuales (\'glifos\') podían representar bien una palabra (normalmente un morfema) o una sílaba; a decir verdad, el mismo glifo con frecuencia podía usarse de las dos formas.'),('Nahual','\nNahual, también llamado nagual o nawal​ (en náhuatl: nahualli ‘oculto, escondido, disfraz’), dentro de las creencias mesoamericanas, es una especie de brujo o ser sobrenatural que tiene la capacidad de tomar forma animal. El término refiere tanto a la persona que tiene esa capacidad como al animal mismo que hace las veces de su alter ego o animal tutelar.\n\nDe acuerdo con la tradición y cosmovisión de los pueblos Mesoamericanos los Nahuales son espíritus y energías protectoras que acompañan a todos los elementos de la naturaleza, incluyendo a los humanos y animales a lo largo de toda su existencia.\n\nPara la civilización Maya el nahual de cada persona era de suma importancia. Era algo que todos debían conocer y aprender a manejarlo. Debían saber cuándo se fue engendrado, la fecha de nacimiento, el año, la energía que le protege y su misión.\n\nDentro de la cultura maya se dice que cada uno está relacionado con un animal que es quién le dirige, como un ángel guardián, alguien con quien se identifica, con quien se encuentra conectado espiritualmente. Se dice también que cada persona incluso nace con el espíritu de un animal, y este se encarga de protegerlo y guiarlo.'),('Uinal','\nEl uinal se puede ver como el equivalente a nuestros meses ya que constan de 20 días, pero en lugar de 12 de ellos, el calendario Haab Maya cuenta con 18 de ellos. Los uinales, a parte de contar el tiempo se utilizaban para realizar ciertas actividades.');
/*!40000 ALTER TABLE `Tipo_Elemento` ENABLE KEYS */;
UNLOCK TABLES;

--
-- Table structure for table `Tipo_Usuario`
--

DROP TABLE IF EXISTS `Tipo_Usuario`;
/*!40101 SET @saved_cs_client     = @@character_set_client */;
/*!50503 SET character_set_client = utf8mb4 */;
CREATE TABLE `Tipo_Usuario` (
  `id_tipo_usuario` int NOT NULL AUTO_INCREMENT,
  `nombre` varchar(45) NOT NULL,
  `descripcion` varchar(150) NOT NULL,
  PRIMARY KEY (`id_tipo_usuario`)
) ENGINE=InnoDB AUTO_INCREMENT=2 DEFAULT CHARSET=utf8mb4 COLLATE=utf8mb4_0900_ai_ci;
/*!40101 SET character_set_client = @saved_cs_client */;

--
-- Dumping data for table `Tipo_Usuario`
--

LOCK TABLES `Tipo_Usuario` WRITE;
/*!40000 ALTER TABLE `Tipo_Usuario` DISABLE KEYS */;
INSERT INTO `Tipo_Usuario` VALUES (1,'Jugador','Usuario de tipo jugador, este usuario tiene los siguientes beneficios...');
/*!40000 ALTER TABLE `Tipo_Usuario` ENABLE KEYS */;
UNLOCK TABLES;

--
-- Table structure for table `Usuario`
--

DROP TABLE IF EXISTS `Usuario`;
/*!40101 SET @saved_cs_client     = @@character_set_client */;
/*!50503 SET character_set_client = utf8mb4 */;
CREATE TABLE `Usuario` (
  `nombre_usuario` varchar(25) NOT NULL,
  `id_tipo_usuario` int NOT NULL,
  `contrasenia` varchar(45) NOT NULL,
  `fecha_nacimiento` date NOT NULL,
  `sexo` int NOT NULL,
  `direccion` varchar(100) NOT NULL,
  PRIMARY KEY (`nombre_usuario`),
  KEY `fk_tipo_usuario_idx` (`id_tipo_usuario`),
  CONSTRAINT `fk_tipo_usuario` FOREIGN KEY (`id_tipo_usuario`) REFERENCES `Tipo_Usuario` (`id_tipo_usuario`)
) ENGINE=InnoDB DEFAULT CHARSET=utf8mb4 COLLATE=utf8mb4_0900_ai_ci;
/*!40101 SET character_set_client = @saved_cs_client */;

--
-- Dumping data for table `Usuario`
--

LOCK TABLES `Usuario` WRITE;
/*!40000 ALTER TABLE `Usuario` DISABLE KEYS */;
INSERT INTO `Usuario` VALUES ('jugador_1',1,'123','2022-12-11',1,'Direccion del jugador 1'),('jugador_2',1,'1232','2022-12-11',1,'Direccion del jugador 2'),('jugador_3',1,'123222','2021-11-12',1,'Direccion del jugador 2'),('jugador_4',1,'123222','2021-11-12',1,'Direccion del jugador 2'),('jugador_5',1,'123222','2021-11-12',1,'Direccion del jugador 2'),('jugador_6',1,'123222','2021-11-12',1,'Direccion del jugador 2'),('jugador_7',1,'123222','2021-11-12',1,'Direccion del jugador 2');
/*!40000 ALTER TABLE `Usuario` ENABLE KEYS */;
UNLOCK TABLES;
/*!40103 SET TIME_ZONE=@OLD_TIME_ZONE */;

/*!40101 SET SQL_MODE=@OLD_SQL_MODE */;
/*!40014 SET FOREIGN_KEY_CHECKS=@OLD_FOREIGN_KEY_CHECKS */;
/*!40014 SET UNIQUE_CHECKS=@OLD_UNIQUE_CHECKS */;
/*!40101 SET CHARACTER_SET_CLIENT=@OLD_CHARACTER_SET_CLIENT */;
/*!40101 SET CHARACTER_SET_RESULTS=@OLD_CHARACTER_SET_RESULTS */;
/*!40101 SET COLLATION_CONNECTION=@OLD_COLLATION_CONNECTION */;
/*!40111 SET SQL_NOTES=@OLD_SQL_NOTES */;

-- Dump completed on 2022-04-17 16:11:52
